Name,Package,Date,
CF57,Petrel_12225777_MAAAIAAABEQQA,11/11,
CWF3,Petrel_12225777_MAAAIAAABEQQA,11/7,
LRR8,Petrel_12225777_MAAAIAAABEQQA,11/11,
NT6Q,Petrel_12225777_MAAAIAAABEQQA,11/5,
U4GU,Petrel_12225777_MAAAIAAABEQQA,11/8,
U4HI,Petrel_12225777_MAAAIAAABEQQA,11/11,
U4SI,Petrel_12225777_MAAAIAAABEQQA,11/11,
ds27,Petrel_12225777_MAAAIAAABEQQA,11/11,
m32d,Petrel_12225777_MAAAIAAABEQQA,11/11,
CSHC,Petrel_22225777_MAAAIAAADEQQA,11/11,
CTQ8,Petrel_22225777_MAAAIAAADEQQA,11/11,
JOX7,Petrel_22225777_MAAAIAAADEQQA,11/11,
LDP8,Petrel_22225777_MAAAIAAADEQQA,11/11,
NT6Q,Petrel_22225777_MAAAIAAADEQQA,11/8,
SS29,Petrel_22225777_MAAAIAAADEQQA,11/1,
U3JP,Petrel_22225777_MAAAIAAADEQQA,11/7,
U4HO,Petrel_22225777_MAAAIAAADEQQA,11/11,
UPCC,Petrel_22225777_MAAAIAAADEQQA,11/11,
u4gi,Petrel_22225777_MAAAIAAADEQQA,11/11,
u4x4,Petrel_22225777_MAAAIAAADEQQA,11/11,
CQE9,Petrel_32225777_MAAAIAAADkQQA,11/11,
CQF4,Petrel_32225777_MAAAIAAADkQQA,11/11,
IN83,Petrel_32225777_MAAAIAAADkQQA,11/11,
U3HP,Petrel_32225777_MAAAIAAADkQQA,11/7,
U3MW,Petrel_32225777_MAAAIAAADkQQA,11/11,
U4GX,Petrel_32225777_MAAAIAAADkQQA,11/11,
U4QK,Petrel_32225777_MAAAIAAADkQQA,11/11,
U4RO,Petrel_32225777_MAAAIAAADkQQA,11/11,
gnal,Petrel_32225777_MAAAIAAADkQQA,11/11,
im89,Petrel_32225777_MAAAIAAADkQQA,11/7,
u3kn,Petrel_32225777_MAAAIAAADkQQA,11/11,
GN28,Petrel_42225777_MAAAAAAADgQQA,11/11,
UPAD,Petrel_42225777_MAAAAAAADgQQA,11/8,
UPAX,Petrel_42225777_MAAAAAAADgQQA,11/8,
clxy,Petrel_42225777_MAAAAAAADgQQA,11/11,
su0e,Petrel_42225777_MAAAAAAADgQQA,11/11,
dad3,Petrel_62225777_MAAAAAEADgQQA,11/8,
N7HH,Petrel_72225777_MAAAAABAAASUA,11/11,
CQF4,Petrel_102225777_MAAAAAAADiYQA,11/11,
cl25,Petrel_102225777_MAAAAAAADiYQA,11/4,
u3mr,Petrel_112225777_MAAAAAAADg+QA,11/11,
wua3,Petrel_112225777_MAAAAAAADg+QA,11/5,
CYD3,Petrel_122225777_MAAAIAlBFMRQA,11/11,
N7J1,Petrel_122225777_MAAAIAlBFMRQA,11/11,
wmd0,Petrel_122225777_MAAAIAlBFMRQA,11/11,
CXZ6,Petrel_132225777_MAAAKAAfDm+UA,11/1,
U3SF,Petrel_132225777_MAAAKAAfDm+UA,11/11,
lpfh,Petrel_132225777_MAAAKAAfDm+UA,11/11,
DEE1,Petrel_142225777_MAAAKACAHmSQA,11/11,
IN41,Petrel_142225777_MAAAKACAHmSQA,11/11,
UPC3,Petrel_142225777_MAAAKACAHmSQA,11/11,
CL58,Petrel_152225777_MAAAKACBHs+QA,11/4,
UPCZ,Petrel_152225777_MAAAKACBHs+QA,11/11,
upat,Petrel_152225777_MAAAKACBHs+QA,11/8,
u3kx,Petrel_172225777_MAAAAAAADgYQA,11/11,
BENB,Petrel_182225777_MAAACBBfCASUA,11/11,
upck,Petrel_192225777_MAAAKAAADkSQA,11/11,
ut7m,Petrel_192225777_MAAAKAAADkSQA,11/11,
UT7C,Petrel_202225777_MAAAAAEALgQQA,11/11,
BEDZ,Petrel_212225777_MAAAAAAfAAQEA,11/7,
cj93,parallel,11/7,
RM23,gaslift,11/11,
RM23,eclipse,11/11,
cj93,eclipse,11/7,
cxzf,eclipse,11/11,
cxzf,eclipse,11/11,
cxzf,eclipse,11/11,
cxzf,eclipse,11/11,
CTZ5,office,11/11,
CTJT,OCEAN_TIB_OPENSPIRITADAPTER,11/4,
IM01,OCEAN_TIB_OPENSPIRITADAPTER,11/8,
NT6Q,OCEAN_TIB_OPENSPIRITADAPTER,11/8,
NT6Q,OCEAN_TIB_OPENSPIRITADAPTER,11/5,
U4GY,Petrel_22225794_MAAAKAAAD0SQA,11/11,
u3ke,Petrel_22225794_MAAAKAAAD0SQA,11/11,
WUG9,Petrel_32225794_MAAAKAAfDmSUA,11/11,
u4gy,Petrel_32225794_MAAAKAAfDmSUA,11/11,
ut7y,Petrel_42225794_MAAAIAEAHuQQA,11/5,
U3H1,Petrel_62225794_MAAAIACBHsTQA,11/11,
i634,Petrel_62225794_MAAAIACBHsTQA,11/11,
BB7W,Petrel_72225794_MAAAKACBHkTQA,11/11,
u4xx,Petrel_72225794_MAAAKACBHkTQA,11/11,
NTQX,Petrel_82225794_MAAAIACBHuRQA,11/11,
cqw0,Petrel_82225794_MAAAIACBHuRQA,11/11,
u3kp,Petrel_92225794_MAAAIAGBDu+QA,11/11,
U3G8,Petrel_112225794_MAAAIAGBHsZQA,11/11,
U3G9,Petrel_122225794_MAAAKACBH/+QA,11/4,
ntmw,Petrel_122225794_MAAAKACBH/+QA,11/8,
U4RJ,Petrel_132225794_MAAAIAlBH8ZQA,11/6,
kknn,Petrel_132225794_MAAAIAlBH8ZQA,11/11,
RM23,Petrel_252225794_MAAAAAFfCCQEA,11/11,
CQB4,Petrel_282225794_MAAAIAhABEQQA,11/7,
DEE7,Petrel_362225794_MAAAIACBDMQQA,11/11,
dn64,Petrel_392225794_MAAAIAAADkYQA,11/11,
GOE2,Petrel_412225794_MAAAAAEALgYQA,11/8,
ntmw,Petrel_422225794_MAAAIAGBBERQA,11/11,
rhpn,Petrel_442225794_MAAAKAAAHkQQA,11/9,
GOF5,Petrel_462225794_MAAAIAAADk+QA,11/1,
upav,Petrel_472225794_MAAAIAEADkYQA,11/11,
im95,Petrel_482225794_MAAAKACADkQQA,11/11,
ut8y,Petrel_492225794_MAAAIAhBHsYUA,11/11,
I633,Petrel_502225794_MAAAIAABFkSQA,11/11,
cy1m,Petrel_512225794_MAAAIAAAHsQQA,11/7,
BQW2,Petrel_522225794_MAAAIAAAHmQQA,11/11,
u3kj,Petrel_532225794_MAAAIAABD0QQA,11/1,
CJ93,Petrel_552225794_MAAAAAFfLiQUA,11/6,
IM01,Petrel_582225794_MAAAIAAAHsYQA,11/8,
U4R6,Petrel_592225794_MAAAIAEAHkRQA,11/11,
cxza,Petrel_612225794_MAAAABFfDg+UA,11/7,
U4XY,Petrel_622225794_MAAAIAhBHNQUA,11/11,
cy1m,Petrel_632225794_MAAAIACBHsQQA,11/7,
S1T8,Petrel_662225794_MAAAIACBNmQQA,11/11,
bemu,Petrel_672225794_MAAAOAAAL0QQA,11/6,
GOB2,Petrel_682225794_MAAAIBAADuSQA,11/8,
U4RJ,Petrel_692225794_MAAAIAfBHkZQA,11/6,
U4XV,Petrel_712225794_MAAAIAhBDkRQA,11/11,
CLV6,Petrel_722225794_MAAAIAEAHuYQA,11/11,
u3gr,Petrel_732225794_MAAAIAGBPsQQA,11/11,
CTJT,Petrel_742225794_MAAAIACBHkZQA,11/4,
u3ot,Petrel_752225794_MAAAIAhBHsQQA,11/11,
u3gc,Petrel_762225794_MAAAIAhBOMZQA,11/11,
U3MT,Petrel_772225794_MAAAIAGBPsZQA,11/7,
cy1m,Petrel_782225794_MAAAIACBHs+QA,11/1,
U3HQ,Petrel_792225794_MAAAIAGBDm+QA,11/11,
UT3Z,Petrel_802225794_MAAAKACBHsRQA,11/11,
GM79,Petrel_822225794_MAAAKACBHsTQA,11/11,
u3vz,Petrel_832225794_MAAAIBhBHuQQA,11/11,
CF68,Petrel_842225794_MAAAKACBH8+QA,11/11,
U4GE,Petrel_852225794_MAAAIAGBPuSQA,11/11,
jox8,Petrel_862225794_MAAAIACBPsaQA,11/2,
GOH3,Petrel_872225794_MAAAKBCBHsZQA,11/11,
S0D4,Petrel_882225794_MAAAIAlBHsZQA,11/4,
I314,Petrel_892225794_MAAAIAGBPsZQA,11/1,
cja0,Petrel_902225794_MAAAIAGgPuSUA,11/11,
U3GG,Petrel_912225794_MAAAKACBH/ZQA,11/8,
U4QL,Petrel_922225794_MAAAKAlBPmYQA,11/11,
CQF6,Petrel_932225794_MAAAOACBP8ZQA,11/4,
CQE5,Petrel_942225794_MAAAIAGBPuaQA,11/11,
CTQW,Petrel_952225794_MAAAKAhBPuZQA,11/11,
IN37,Petrel_962225794_MAAAIAGBP/aQA,11/11,
cqb3,Petrel_972225794_MAAAKBhgPuaUA,11/11,
AB3C,OFM32,11/10,
BEDZ,OFM32,11/5,
BEK0,OFM32,11/1,
BESQ,OFM32,11/8,
BFX4,OFM32,11/11,
CTUP,OFM32,11/11,
CXNY,OFM32,11/4,
CXVN,OFM32,11/11,
HNZZ,OFM32,11/11,
M3ZS,OFM32,11/4,
MACA,OFM32,11/11,
RHIJ,OFM32,11/11,
SA4P,OFM32,11/11,
UPCC,OFM32,11/8,
bedq,OFM32,11/11,
bek5,OFM32,11/11,
bes0,OFM32,11/10,
bev1,OFM32,11/11,
bevb,OFM32,11/11,
bfu1,OFM32,11/8,
bgw0,OFM32,11/8,
cj38,OFM32,11/11,
cj45,OFM32,11/11,
cjz0,OFM32,11/4,
ctpk,OFM32,11/11,
cxvf,OFM32,11/11,
cxvv,OFM32,11/5,
dn64,OFM32,11/11,
eip3,OFM32,11/11,
j1qk,OFM32,11/11,
kays,OFM32,11/8,
ptn3,OFM32,11/11,
ra23,OFM32,11/11,
ra47,OFM32,11/11,
rs05,OFM32,11/11,
rs19,OFM32,11/11,
rs27,OFM32,11/11,
rs62,OFM32,11/7,
wua3,OFM32,11/11,
fraj,gf_basemap,11/11,
cshc,gf_runtime,11/11,
cshe,gf_runtime,11/1,
ctqw,gf_runtime,11/11,
d026,gf_runtime,11/1,
fraj,gf_runtime,11/11,
n3a0,gf_runtime,11/11,
n7l6,gf_runtime,11/8,
nt6q,gf_runtime,11/6,
sle1,gf_runtime,11/11,
d026,gf_data_manager,11/1,
n3a0,gf_data_manager,11/11,
n7l6,gf_data_manager,11/8,
cshc,gf_iesx_seis3dv,11/11,
cshe,gf_iesx_seis3dv,11/8,
ctqw,gf_iesx_seis3dv,11/11,
fraj,gf_iesx_seis3dv,11/11,
sle1,gf_iesx_seis3dv,11/11,
fraj,gf_iesx_seis2d,11/11,
cshe,gf_geoviz,11/8,
sle1,gf_geoviz,11/11,
cshe,gf_log_property,11/1,
N7HH,PIPESIM,11/11,
cn0b,PIPESIM,11/11,
BEWV,PIPESIM-NET,11/11,
BFN8,PIPESIM-NET,11/6,
CXNF,PIPESIM-NET,11/11,
N7HH,PIPESIM-NET,11/11,
cn0b,MultiFlash_Basic,11/11,
SYSTEM,DECIDE.Automation_Rules,11/3,
SABCDECI,DECIDE.Automation_Models,11/3,
SYSTEM,DECIDE.Automation_Models,11/11,
SYSTEM,DECIDE.Automation_Models,11/3,
SYSTEM,DECIDE.Automation_Models,11/3,
SYSTEM,DECIDE.Automation_Models,11/3,
gqs,eims_viewer,11/8,
I607,tlDLIS,11/9,
ctwz,tlDLIS,11/10,
I607,tlBase,11/9,
ctwz,tlBase,11/10,
I607,tlTechdataPlus,11/9,
ctwz,tlTechdataPlus,11/10,
ctwz,tlQuantiMin,11/10,
I607,tlWBI,11/9,
ctwz,tlWBI,11/10,
ctwz,tlNMR,11/10,
ctwz,tlSHM,11/10,
ctwz,tlQuanti,11/10,
I607,tlPython,11/9,
hrq1,ISIS3DP,11/11,
hrq1,ISIS3DP,11/11,
cywb.PETROBRAS\MI145918,SDS_Database_Access,11/6,
cywb,eims_ds_logs,11/8,
